{
    "results": {
        "Logistic Regression": {
            "Accuracy": 0.7666666666666667,
            "Precision": 0.7,
            "Recall": 0.3888888888888889,
            "F1": 0.5,
            "AUC-ROC": 0.7896825396825397
        },
        "Decision Tree": {
            "Accuracy": 0.7833333333333333,
            "Precision": 0.6470588235294118,
            "Recall": 0.6111111111111112,
            "F1": 0.6285714285714286,
            "AUC-ROC": 0.7268518518518519
        },
        "Random Forest": {
            "Accuracy": 0.8166666666666667,
            "Precision": 0.8181818181818182,
            "Recall": 0.5,
            "F1": 0.6206896551724138,
            "AUC-ROC": 0.8928571428571428
        }
    },
    "cv_results": {
        "Logistic Regression": [
            0.738845029239766,
            0.07189927603930538
        ],
        "Decision Tree": [
            0.6750877192982456,
            0.10541260508738728
        ],
        "Random Forest": [
            0.7771929824561404,
            0.06588112929918595
        ]
    }
}